0.01,0.02,0.03,0.04,0.05,0.06,0.07,0.08,0.09,0.1,0.11,0.12,0.13,0.14,0.15,0.16,0.17,0.18,0.19,0.2,0.21,0.22,0.23,0.24,0.25,0.26,0.27,0.28,0.29,0.3,0.31,0.32,0.33,0.34,0.35,0.36,0.37,0.38,0.39,0.4,0.41,0.42,0.43,0.44,0.45,0.46,0.47,0.48,0.49,0.5,0.51,0.52,0.53,0.54,0.55,0.56,0.57,0.58,0.59,0.6,0.61,0.62,0.63,0.64,0.65,0.66,0.67,0.68,0.69,0.7,0.71,0.72,0.73,0.74,0.75,0.76,0.77,0.78,0.79,0.8,0.81,0.82,0.83,0.84,0.85,0.86,0.87,0.88,0.89,0.9,0.91,0.92,0.93,0.94,0.95,0.96,0.97,0.98,0.99,1,1.01,1.02,1.03,1.04,1.05,1.06,1.07,1.08,1.09,1.1,1.11,1.12,1.13,1.14,1.15,1.16,1.17,1.18,1.19,1.2,1.21,1.22,1.23,1.24,1.25,1.26,1.27,1.28,1.29,1.3,1.31,1.32,1.33,1.34,1.35,1.36,1.37,1.38,1.39,1.4,1.41,1.42,1.43,1.44,1.45,1.46,1.47,1.48,1.49,1.5,1.51,1.52,1.53,1.54,1.55,1.56,1.57,1.58,1.59,1.6,1.61,1.62,1.63,1.64,1.65,1.66,1.67,1.68,1.69,1.7,1.71,1.72,1.73,1.74,1.75,1.76,1.77,1.78,1.79,1.8,1.81,1.82,1.83,1.84,1.85,1.86,1.87,1.88,1.89,1.9,1.91,1.92,1.93,1.94,1.95,1.96,1.97,1.98,1.99,2,2.01,2.02,2.03,2.04,2.05,2.06,2.07,2.08,2.09,2.1,2.11,2.12,2.13,2.14,2.15,2.16,2.17,2.18,2.19,2.2,2.21,2.22,2.23,2.24,2.25,2.26,2.27,2.28,2.29,2.3,2.31,2.32,2.33,2.34,2.35,2.36,2.37,2.38,2.39,2.4,2.41,2.42,2.43,2.44,2.45,2.46,2.47,2.48,2.49,2.5,2.51,2.52,2.53,2.54,2.55,2.56,2.57,2.58,2.59,2.6,2.61,2.62,2.63,2.64,2.65,2.66,2.67,2.68,2.69,2.7,2.71,2.72,2.73,2.74,2.75,2.76,2.77,2.78,2.79,2.8,2.81,2.82,2.83,2.84,2.85,2.86,2.87,2.88,2.89,2.9,2.91,2.92,2.93,2.94,2.95,2.96,2.97,2.98,2.99,3,3.01,3.02,3.03,3.04,3.05,3.06,3.07,3.08,3.09,3.1,3.11,3.12,3.13,3.14,3.15,3.16,3.17,3.18,3.19,3.2,3.21,3.22,3.23,3.24,3.25,3.26,3.27,3.28,3.29,3.3,3.31,3.32,3.33,3.34,3.35,3.36,3.37,3.38,3.39,3.4,3.41,3.42,3.43,3.44,3.45,3.46,3.47,3.48,3.49,3.5,3.51,3.52,3.53,3.54,3.55,3.56,3.57,3.58,3.59,3.6,3.61,3.62,3.63,3.64,3.65,
0.01,0.02,0.03,0.04,0.05,0.06,0.07,0.08,0.09,0.1,0.11,0.12,0.13,0.14,0.15,0.16,0.17,0.18,0.19,0.2,0.21,0.22,0.23,0.24,0.25,0.26,0.27,0.28,0.29,0.3,0.31,0.32,0.33,0.34,0.35,0.36,0.37,0.38,0.39,0.4,0.41,0.42,0.43,0.44,0.45,0.46,0.47,0.48,0.49,0.5,0.51,0.52,0.53,0.54,0.55,0.56,0.57,0.58,0.59,0.6,0.61,0.62,0.63,0.64,0.65,0.66,0.67,0.68,0.69,0.7,0.71,0.72,0.73,0.74,0.75,0.76,0.77,0.78,0.79,0.8,0.81,0.82,0.83,0.84,0.85,0.86,0.87,0.88,0.89,0.9,0.91,0.92,0.93,0.94,0.95,0.96,0.97,0.98,0.99,1,1.01,1.02,1.03,1.04,1.05,1.06,1.07,1.08,1.09,1.1,1.11,1.12,1.13,1.14,1.15,1.16,1.17,1.18,1.19,1.2,1.21,1.22,1.23,1.24,1.25,1.26,1.27,1.28,1.29,1.3,1.31,1.32,1.33,1.34,1.35,1.36,1.37,1.38,1.39,1.4,1.41,1.42,1.43,1.44,1.45,1.46,1.47,1.48,1.49,1.5,1.51,1.52,1.53,1.54,1.55,1.56,1.57,1.58,1.59,1.6,1.61,1.62,1.63,1.64,1.65,1.66,1.67,1.68,1.69,1.7,1.71,1.72,1.73,1.74,1.75,1.76,1.77,1.78,1.79,1.8,1.81,1.82,1.83,1.84,1.85,1.86,1.87,1.88,1.89,1.9,1.91,1.92,1.93,1.94,1.95,1.96,1.97,1.98,1.99,2,2.01,2.02,2.03,2.04,2.05,2.06,2.07,2.08,2.09,2.1,2.11,2.12,2.13,2.14,2.15,2.16,2.17,2.18,2.19,2.2,2.21,2.22,2.23,2.24,2.25,2.26,2.27,2.28,2.29,2.3,2.31,2.32,2.33,2.34,2.35,2.36,2.37,2.38,2.39,2.4,2.41,2.42,2.43,2.44,2.45,2.46,2.47,2.48,2.49,2.5,2.51,2.52,2.53,2.54,2.55,2.56,2.57,2.58,2.59,2.6,2.61,2.62,2.63,2.64,2.65,2.66,2.67,2.68,2.69,2.7,2.71,2.72,2.73,2.74,2.75,2.76,2.77,2.78,2.79,2.8,2.81,2.82,2.83,2.84,2.85,2.86,2.87,2.88,2.89,2.9,2.91,2.92,2.93,2.94,2.95,2.96,2.97,2.98,2.99,3,3.01,3.02,3.03,3.04,3.05,3.06,3.07,3.08,3.09,3.1,3.11,3.12,3.13,3.14,3.15,3.16,3.17,3.18,3.19,3.2,3.21,3.22,3.23,3.24,3.25,3.26,3.27,3.28,3.29,3.3,3.31,3.32,3.33,3.34,3.35,3.36,3.37,3.38,3.39,3.4,3.41,3.42,3.43,3.44,3.45,3.46,3.47,3.48,3.49,3.5,3.51,3.52,3.53,3.54,3.55,3.56,3.57,3.58,3.59,3.6,3.61,3.62,3.63,3.64,3.65,3.66
0.01,0.02,0.03,0.04,0.05,0.06,0.07,0.08,0.09,0.1,0.11,0.12,0.13,0.14,0.15,0.16,0.17,0.18,0.19,0.2,0.21,0.22,0.23,0.24,0.25,0.26,0.27,0.28,0.29,0.3,0.31,0.32,0.33,0.34,0.35,0.36,0.37,0.38,0.39,0.4,0.41,0.42,0.43,0.44,0.45,0.46,0.47,0.48,0.49,0.5,0.51,0.52,0.53,0.54,0.55,0.56,0.57,0.58,0.59,0.6,0.61,0.62,0.63,0.64,0.65,0.66,0.67,0.68,0.69,0.7,0.71,0.72,0.73,0.74,0.75,0.76,0.77,0.78,0.79,0.8,0.81,0.82,0.83,0.84,0.85,0.86,0.87,0.88,0.89,0.9,0.91,0.92,0.93,0.94,0.95,0.96,0.97,0.98,0.99,1,1.01,1.02,1.03,1.04,1.05,1.06,1.07,1.08,1.09,1.1,1.11,1.12,1.13,1.14,1.15,1.16,1.17,1.18,1.19,1.2,1.21,1.22,1.23,1.24,1.25,1.26,1.27,1.28,1.29,1.3,1.31,1.32,1.33,1.34,1.35,1.36,1.37,1.38,1.39,1.4,1.41,1.42,1.43,1.44,1.45,1.46,1.47,1.48,1.49,1.5,1.51,1.52,1.53,1.54,1.55,1.56,1.57,1.58,1.59,1.6,1.61,1.62,1.63,1.64,1.65,1.66,1.67,1.68,1.69,1.7,1.71,1.72,1.73,1.74,1.75,1.76,1.77,1.78,1.79,1.8,1.81,1.82,1.83,1.84,1.85,1.86,1.87,1.88,1.89,1.9,1.91,1.92,1.93,1.94,1.95,1.96,1.97,1.98,1.99,2,2.01,2.02,2.03,2.04,2.05,2.06,2.07,2.08,2.09,2.1,2.11,2.12,2.13,2.14,2.15,2.16,2.17,2.18,2.19,2.2,2.21,2.22,2.23,2.24,2.25,2.26,2.27,2.28,2.29,2.3,2.31,2.32,2.33,2.34,2.35,2.36,2.37,2.38,2.39,2.4,2.41,2.42,2.43,2.44,2.45,2.46,2.47,2.48,2.49,2.5,2.51,2.52,2.53,2.54,2.55,2.56,2.57,2.58,2.59,2.6,2.61,2.62,2.63,2.64,2.65,2.66,2.67,2.68,2.69,2.7,2.71,2.72,2.73,2.74,2.75,2.76,2.77,2.78,2.79,2.8,2.81,2.82,2.83,2.84,2.85,2.86,2.87,2.88,2.89,2.9,2.91,2.92,2.93,2.94,2.95,2.96,2.97,2.98,2.99,3,3.01,3.02,3.03,3.04,3.05,3.06,3.07,3.08,3.09,3.1,3.11,3.12,3.13,3.14,3.15,3.16,3.17,3.18,3.19,3.2,3.21,3.22,3.23,3.24,3.25,3.26,3.27,3.28,3.29,3.3,3.31,3.32,3.33,3.34,3.35,3.36,3.37,3.38,3.39,3.4,3.41,3.42,3.43,3.44,3.45,3.46,3.47,3.48,3.49,3.5,3.51,3.52,3.53,3.54,3.55,3.56,3.57,3.58,3.59,3.6,3.61,3.62,3.63,3.64,3.65,
38,45,48,36,37,43,33,41,50,70,40,63,47,44,42,89,63,64,78,53,49,52,58,49,37,35,36,37,45,46,87,90,60,71,80,80,65,60,56,58,53,76,50,37,63,86,84,57,53,79,86,54,54,78,70,75,80,75,53,65,86,76,55,47,43,46,32,36,42,40,58,27,42,46,30,38,60,49,40,24,45,58,57,29,29,42,46,85,61,81,61,63,48,68,33,40,45,50,38,35,54,53,67,80,78,77,79,70,59,59,86,87,72,38,43,65,66,69,52,23,36,64,65,84,80,64,78,78,57,64,64,70,73,79,51,49,40,56,67,58,76,54,53,61,61,41,47,45,48,48,53,61,76,54,70,69,67,65,66,81,69,68,74,76,69,77,71,56,67,67,63,75,57,55,71,60,72,80,75,69,62,67,67,76,83,66,58,71,69,74,83,72,85,84,72,75,68,62,67,69,66,69,74,74,69,70,73,67,68,69,65,65,70,69,65,77,69,67,65,74,82,84,69,71,73,64,63,65,64,62,66,69,70,73,68,58,60,72,52,62,69,67,70,69,68,68,61,69,70,81,63,62,62,71,62,75,82,88,85,87,74,73,58,54,59,62,59,65,89,73,64,66,87,67,63,67,76,74,72,62,83,57,60,54,61,80,79,78,76,73,73,50,52,52,58,64,77,64,73,47,51,56,82,68,67,62,69,89,54,60,66,44,55,56,43,57,60,60,61,56,62,72,74,85,49,55,53,51,59,63,63,91,91,92,58,34,43,37,54,52,55,53,64,54,67,42,38,54,50,53,36,58,40,50,68,79,39,33,43,52,34,34,44,40,47,
45,47,52,36,46,56,72,54,55,64,36,68,89,62,59,52,80,56,71,48,26,33,54,65,36,29,40,37,43,43,33,26,36,47,43,39,58,42,45,32,24,38,45,36,56,46,32,23,30,32,72,29,26,30,34,25,49,49,35,22,25,30,38,62,49,62,53,30,32,26,35,66,38,34,42,77,39,38,49,33,44,43,58,55,35,35,38,69,46,31,45,28,30,46,51,89,45,57,38,46,72,46,42,46,51,74,62,38,46,58,86,90,56,52,55,53,72,79,53,38,50,61,70,65,55,55,70,74,67,57,61,77,78,87,77,75,55,75,77,66,88,80,68,68,63,62,66,67,75,51,59,70,75,59,70,51,65,62,64,68,81,76,87,84,90,88,75,68,80,66,63,66,75,60,81,91,84,82,74,85,80,78,70,73,73,70,72,74,84,64,52,60,65,76,69,72,71,69,66,71,72,68,68,63,65,62,76,86,77,73,70,69,65,64,67,67,66,66,66,74,69,72,69,63,65,83,66,78,71,73,72,67,67,73,75,72,68,68,69,71,67,63,66,74,71,58,37,63,83,81,84,78,74,72,86,78,82,82,79,82,88,60,63,64,59,61,80,81,61,52,41,43,53,71,79,77,79,61,68,61,49,62,86,71,69,68,67,58,66,66,65,46,54,76,70,61,83,71,78,57,43,62,88,67,56,87,91,78,66,66,66,79,56,52,60,52,60,53,61,73,67,88,54,43,83,66,44,58,58,64,65,67,38,43,42,53,57,58,42,49,36,33,47,46,55,39,29,39,52,48,44,49,67,56,53,47,42,51,44,47,38,26,40,37,46,53
33,35,41,41,49,30,35,39,34,36,49,68,44,31,37,31,29,43,51,47,51,27,37,42,42,30,41,54,55,43,53,69,64,55,53,41,37,34,42,54,71,76,66,71,57,70,65,59,67,60,43,42,58,58,62,67,72,80,76,75,72,63,61,73,80,78,60,72,77,41,51,51,47,64,69,38,59,63,61,44,38,67,78,83,60,50,59,61,36,50,56,71,40,55,83,72,71,43,51,62,62,72,73,36,70,68,73,55,55,71,62,70,82,54,44,42,65,86,56,48,45,41,51,61,64,59,77,53,44,55,77,58,33,44,49,61,61,54,70,87,55,48,75,87,60,74,71,51,67,65,55,54,53,56,58,66,55,59,61,67,60,63,65,65,83,76,75,60,76,75,70,71,72,81,60,59,72,78,76,80,74,73,71,74,78,77,76,79,75,78,64,74,75,79,75,68,70,69,68,61,62,61,60,65,63,64,71,64,59,76,82,74,71,73,69,68,68,65,63,64,77,76,72,73,70,70,65,64,60,67,71,66,66,67,68,71,65,64,66,62,62,64,63,64,61,62,51,66,67,57,79,65,62,67,71,70,69,67,86,67,59,68,73,68,68,83,65,59,56,87,85,53,79,72,64,64,80,70,64,66,65,82,85,59,76,75,69,70,62,59,54,62,65,77,63,56,70,79,70,41,73,64,81,79,82,45,39,52,54,56,61,62,43,41,43,59,51,62,67,48,72,58,53,60,67,73,68,46,60,68,58,55,39,40,48,57,63,37,53,60,57,49,45,45,54,44,72,79,54,57,49,45,47,50,58,65,37,41,36,35,30,46,40,51,39,
0.01,0.02,0.03,0.04,0.05,0.06,0.07,0.08,0.09,0.1,0.11,0.12,0.13,0.14,0.15,0.16,0.17,0.18,0.19,0.2,0.21,0.22,0.23,0.24,0.25,0.26,0.27,0.28,0.29,0.3,0.31,0.32,0.33,0.34,0.35,0.36,0.37,0.38,0.39,0.4,0.41,0.42,0.43,0.44,0.45,0.46,0.47,0.48,0.49,0.5,0.51,0.52,0.53,0.54,0.55,0.56,0.57,0.58,0.59,0.6,0.61,0.62,0.63,0.64,0.65,0.66,0.67,0.68,0.69,0.7,0.71,0.72,0.73,0.74,0.75,0.76,0.77,0.78,0.79,0.8,0.81,0.82,0.83,0.84,0.85,0.86,0.87,0.88,0.89,0.9,0.91,0.92,0.93,0.94,0.95,0.96,0.97,0.98,0.99,1,1.01,1.02,1.03,1.04,1.05,1.06,1.07,1.08,1.09,1.1,1.11,1.12,1.13,1.14,1.15,1.16,1.17,1.18,1.19,1.2,1.21,1.22,1.23,1.24,1.25,1.26,1.27,1.28,1.29,1.3,1.31,1.32,1.33,1.34,1.35,1.36,1.37,1.38,1.39,1.4,1.41,1.42,1.43,1.44,1.45,1.46,1.47,1.48,1.49,1.5,1.51,1.52,1.53,1.54,1.55,1.56,1.57,1.58,1.59,1.6,1.61,1.62,1.63,1.64,1.65,1.66,1.67,1.68,1.69,1.7,1.71,1.72,1.73,1.74,1.75,1.76,1.77,1.78,1.79,1.8,1.81,1.82,1.83,1.84,1.85,1.86,1.87,1.88,1.89,1.9,1.91,1.92,1.93,1.94,1.95,1.96,1.97,1.98,1.99,2,2.01,2.02,2.03,2.04,2.05,2.06,2.07,2.08,2.09,2.1,2.11,2.12,2.13,2.14,2.15,2.16,2.17,2.18,2.19,2.2,2.21,2.22,2.23,2.24,2.25,2.26,2.27,2.28,2.29,2.3,2.31,2.32,2.33,2.34,2.35,2.36,2.37,2.38,2.39,2.4,2.41,2.42,2.43,2.44,2.45,2.46,2.47,2.48,2.49,2.5,2.51,2.52,2.53,2.54,2.55,2.56,2.57,2.58,2.59,2.6,2.61,2.62,2.63,2.64,2.65,2.66,2.67,2.68,2.69,2.7,2.71,2.72,2.73,2.74,2.75,2.76,2.77,2.78,2.79,2.8,2.81,2.82,2.83,2.84,2.85,2.86,2.87,2.88,2.89,2.9,2.91,2.92,2.93,2.94,2.95,2.96,2.97,2.98,2.99,3,3.01,3.02,3.03,3.04,3.05,3.06,3.07,3.08,3.09,3.1,3.11,3.12,3.13,3.14,3.15,3.16,3.17,3.18,3.19,3.2,3.21,3.22,3.23,3.24,3.25,3.26,3.27,3.28,3.29,3.3,3.31,3.32,3.33,3.34,3.35,3.36,3.37,3.38,3.39,3.4,3.41,3.42,3.43,3.44,3.45,3.46,3.47,3.48,3.49,3.5,3.51,3.52,3.53,3.54,3.55,3.56,3.57,3.58,3.59,3.6,3.61,3.62,3.63,3.64,3.65,
0.01,0.02,0.03,0.04,0.05,0.06,0.07,0.08,0.09,0.1,0.11,0.12,0.13,0.14,0.15,0.16,0.17,0.18,0.19,0.2,0.21,0.22,0.23,0.24,0.25,0.26,0.27,0.28,0.29,0.3,0.31,0.32,0.33,0.34,0.35,0.36,0.37,0.38,0.39,0.4,0.41,0.42,0.43,0.44,0.45,0.46,0.47,0.48,0.49,0.5,0.51,0.52,0.53,0.54,0.55,0.56,0.57,0.58,0.59,0.6,0.61,0.62,0.63,0.64,0.65,0.66,0.67,0.68,0.69,0.7,0.71,0.72,0.73,0.74,0.75,0.76,0.77,0.78,0.79,0.8,0.81,0.82,0.83,0.84,0.85,0.86,0.87,0.88,0.89,0.9,0.91,0.92,0.93,0.94,0.95,0.96,0.97,0.98,0.99,1,1.01,1.02,1.03,1.04,1.05,1.06,1.07,1.08,1.09,1.1,1.11,1.12,1.13,1.14,1.15,1.16,1.17,1.18,1.19,1.2,1.21,1.22,1.23,1.24,1.25,1.26,1.27,1.28,1.29,1.3,1.31,1.32,1.33,1.34,1.35,1.36,1.37,1.38,1.39,1.4,1.41,1.42,1.43,1.44,1.45,1.46,1.47,1.48,1.49,1.5,1.51,1.52,1.53,1.54,1.55,1.56,1.57,1.58,1.59,1.6,1.61,1.62,1.63,1.64,1.65,1.66,1.67,1.68,1.69,1.7,1.71,1.72,1.73,1.74,1.75,1.76,1.77,1.78,1.79,1.8,1.81,1.82,1.83,1.84,1.85,1.86,1.87,1.88,1.89,1.9,1.91,1.92,1.93,1.94,1.95,1.96,1.97,1.98,1.99,2,2.01,2.02,2.03,2.04,2.05,2.06,2.07,2.08,2.09,2.1,2.11,2.12,2.13,2.14,2.15,2.16,2.17,2.18,2.19,2.2,2.21,2.22,2.23,2.24,2.25,2.26,2.27,2.28,2.29,2.3,2.31,2.32,2.33,2.34,2.35,2.36,2.37,2.38,2.39,2.4,2.41,2.42,2.43,2.44,2.45,2.46,2.47,2.48,2.49,2.5,2.51,2.52,2.53,2.54,2.55,2.56,2.57,2.58,2.59,2.6,2.61,2.62,2.63,2.64,2.65,2.66,2.67,2.68,2.69,2.7,2.71,2.72,2.73,2.74,2.75,2.76,2.77,2.78,2.79,2.8,2.81,2.82,2.83,2.84,2.85,2.86,2.87,2.88,2.89,2.9,2.91,2.92,2.93,2.94,2.95,2.96,2.97,2.98,2.99,3,3.01,3.02,3.03,3.04,3.05,3.06,3.07,3.08,3.09,3.1,3.11,3.12,3.13,3.14,3.15,3.16,3.17,3.18,3.19,3.2,3.21,3.22,3.23,3.24,3.25,3.26,3.27,3.28,3.29,3.3,3.31,3.32,3.33,3.34,3.35,3.36,3.37,3.38,3.39,3.4,3.41,3.42,3.43,3.44,3.45,3.46,3.47,3.48,3.49,3.5,3.51,3.52,3.53,3.54,3.55,3.56,3.57,3.58,3.59,3.6,3.61,3.62,3.63,3.64,3.65,3.66
0.01,0.02,0.03,0.04,0.05,0.06,0.07,0.08,0.09,0.1,0.11,0.12,0.13,0.14,0.15,0.16,0.17,0.18,0.19,0.2,0.21,0.22,0.23,0.24,0.25,0.26,0.27,0.28,0.29,0.3,0.31,0.32,0.33,0.34,0.35,0.36,0.37,0.38,0.39,0.4,0.41,0.42,0.43,0.44,0.45,0.46,0.47,0.48,0.49,0.5,0.51,0.52,0.53,0.54,0.55,0.56,0.57,0.58,0.59,0.6,0.61,0.62,0.63,0.64,0.65,0.66,0.67,0.68,0.69,0.7,0.71,0.72,0.73,0.74,0.75,0.76,0.77,0.78,0.79,0.8,0.81,0.82,0.83,0.84,0.85,0.86,0.87,0.88,0.89,0.9,0.91,0.92,0.93,0.94,0.95,0.96,0.97,0.98,0.99,1,1.01,1.02,1.03,1.04,1.05,1.06,1.07,1.08,1.09,1.1,1.11,1.12,1.13,1.14,1.15,1.16,1.17,1.18,1.19,1.2,1.21,1.22,1.23,1.24,1.25,1.26,1.27,1.28,1.29,1.3,1.31,1.32,1.33,1.34,1.35,1.36,1.37,1.38,1.39,1.4,1.41,1.42,1.43,1.44,1.45,1.46,1.47,1.48,1.49,1.5,1.51,1.52,1.53,1.54,1.55,1.56,1.57,1.58,1.59,1.6,1.61,1.62,1.63,1.64,1.65,1.66,1.67,1.68,1.69,1.7,1.71,1.72,1.73,1.74,1.75,1.76,1.77,1.78,1.79,1.8,1.81,1.82,1.83,1.84,1.85,1.86,1.87,1.88,1.89,1.9,1.91,1.92,1.93,1.94,1.95,1.96,1.97,1.98,1.99,2,2.01,2.02,2.03,2.04,2.05,2.06,2.07,2.08,2.09,2.1,2.11,2.12,2.13,2.14,2.15,2.16,2.17,2.18,2.19,2.2,2.21,2.22,2.23,2.24,2.25,2.26,2.27,2.28,2.29,2.3,2.31,2.32,2.33,2.34,2.35,2.36,2.37,2.38,2.39,2.4,2.41,2.42,2.43,2.44,2.45,2.46,2.47,2.48,2.49,2.5,2.51,2.52,2.53,2.54,2.55,2.56,2.57,2.58,2.59,2.6,2.61,2.62,2.63,2.64,2.65,2.66,2.67,2.68,2.69,2.7,2.71,2.72,2.73,2.74,2.75,2.76,2.77,2.78,2.79,2.8,2.81,2.82,2.83,2.84,2.85,2.86,2.87,2.88,2.89,2.9,2.91,2.92,2.93,2.94,2.95,2.96,2.97,2.98,2.99,3,3.01,3.02,3.03,3.04,3.05,3.06,3.07,3.08,3.09,3.1,3.11,3.12,3.13,3.14,3.15,3.16,3.17,3.18,3.19,3.2,3.21,3.22,3.23,3.24,3.25,3.26,3.27,3.28,3.29,3.3,3.31,3.32,3.33,3.34,3.35,3.36,3.37,3.38,3.39,3.4,3.41,3.42,3.43,3.44,3.45,3.46,3.47,3.48,3.49,3.5,3.51,3.52,3.53,3.54,3.55,3.56,3.57,3.58,3.59,3.6,3.61,3.62,3.63,3.64,3.65,
1,2,6,9,14,17,18,22,35,36,38,51,62,64,66,68,69,77,80,84,104,105,107,122,135,142,145,146,148,149,176,178,181,184,187,193,197,201,203,210,212,233,234,240,242,244,248,257,260,261,263,264,265,267,270,279,285,286,292,293,298,301,303,307,313,315,325,327,328,334,335,343,344,,,,,,,,,,,,,,,,,,,,,,,,,,,,,,,,,,,,,,,,,,,,,,,,,,,,,,,,,,,,,,,,,,,,,,,,,,,,,,,,,,,,,,,,,,,,,,,,,,,,,,,,,,,,,,,,,,,,,,,,,,,,,,,,,,,,,,,,,,,,,,,,,,,,,,,,,,,,,,,,,,,,,,,,,,,,,,,,,,,,,,,,,,,,,,,,,,,,,,,,,,,,,,,,,,,,,,,,,,,,,,,,,,,,,,,,,,,,,,,,,,,,,,,,,,,,,,,,,,,,,,,,,,,,,,,,,,,,,,,,,,,,,,,,,,,,,
12,13,14,21,22,51,58,65,90,92,93,94,99,106,109,122,123,124,136,138,140,144,146,155,156,159,162,166,167,171,172,174,181,185,187,188,191,192,194,196,201,209,216,217,222,225,238,239,243,246,250,256,270,271,275,279,289,305,312,314,315,323,326,332,333,335,345,346,349,350,357,361,363,,,,,,,,,,,,,,,,,,,,,,,,,,,,,,,,,,,,,,,,,,,,,,,,,,,,,,,,,,,,,,,,,,,,,,,,,,,,,,,,,,,,,,,,,,,,,,,,,,,,,,,,,,,,,,,,,,,,,,,,,,,,,,,,,,,,,,,,,,,,,,,,,,,,,,,,,,,,,,,,,,,,,,,,,,,,,,,,,,,,,,,,,,,,,,,,,,,,,,,,,,,,,,,,,,,,,,,,,,,,,,,,,,,,,,,,,,,,,,,,,,,,,,,,,,,,,,,,,,,,,,,,,,,,,,,,,,,,,,,,,,,,,,,,,,,,,
2,3,4,5,6,7,17,19,26,27,31,38,46,47,48,51,53,55,63,65,69,73,78,89,97,100,116,120,121,126,127,131,139,144,150,159,164,188,189,194,210,215,216,218,220,226,230,234,239,244,245,250,259,266,267,273,274,279,283,289,291,297,299,300,303,330,331,346,350,352,357,358,361,,,,,,,,,,,,,,,,,,,,,,,,,,,,,,,,,,,,,,,,,,,,,,,,,,,,,,,,,,,,,,,,,,,,,,,,,,,,,,,,,,,,,,,,,,,,,,,,,,,,,,,,,,,,,,,,,,,,,,,,,,,,,,,,,,,,,,,,,,,,,,,,,,,,,,,,,,,,,,,,,,,,,,,,,,,,,,,,,,,,,,,,,,,,,,,,,,,,,,,,,,,,,,,,,,,,,,,,,,,,,,,,,,,,,,,,,,,,,,,,,,,,,,,,,,,,,,,,,,,,,,,,,,,,,,,,,,,,,,,,,,,,,,,,,,,,,
0.25763369,-2.22E-16,0,0.242350205,0.238572993,0.235378741,8.88E-16,0.230549917,0.228820488,6.66E-16,0.226499632,0.225819619,0.225404184,0.22521461,6.66E-16,0.225372313,0.225656834,6.66E-16,2.22E-16,0.227023179,0.227581827,0.228165655,2.00E-15,0.229364197,0.229962288,0.230551741,0.231128633,0.231690239,0.232234725,0.232760855,0.233267722,0.233754502,0.234220242,0.234663687,0.235083151,-2.22E-16,8.88E-16,0.236172729,2.22E-16,0.23672388,0.236934079,0.237094326,0.237199787,0.237245808,0.237228116,0.23714302,0.236987616,0.236759969,0.236459293,0.236086092,0.235642279,8.88E-16,0.234557947,0.233928823,0.233251829,0.232536309,0.231792877,0.23103324,0.230269992,0.229516372,0.228785997,0.228092573,0,0.226870038,0,0.225948735,-8.88E-16,0.225411063,8.88E-16,0,0.225439472,0.225682042,0.226039202,0.226506511,0.227077452,0.227743578,0.228494704,-1.11E-15,0.230204008,0.231135473,0,0.233080441,0.234064845,0.235038362,-6.66E-16,0.236901115,0.237767652,0.23857843,0.239326314,0.240006163,0.240614912,0.241151599,0.241617323,0.242015151,0.242349956,0.242628212,0.242857731,0.243047365,0.243206676,0.243345578,0.243473974,0.243601388,0.243736611,0.243887361,2.22E-16,-8.88E-16,0.24448787,-6.66E-16,0.245035014,0.24534897,0.245683381,0.246030948,0.246382622,0.246727853,0.247054891,0.247351144,0.247603568,0.247799082,0.247925003,0.247969482,0.24792193,0.247773415,-1.11E-15,0.247148194,0.246664937,0.246068057,0.245361249,0.244551134,0.243647208,0.242661706,0.241609391,0.240507257,0.23937417,0.238230442,0.237097361,-1.33E-15,0.234950069,0.233978598,0.233102171,0.232339024,0.231705234,0.231214292,-1.78E-15,0.230699794,0.230687287,2.22E-16,-4.44E-16,0.231619747,-2.22E-16,0,0.233823964,0.234770938,0.235790286,0.23685908,0.237953331,0.239048546,0.240120287,0.241144729,0.242099192,0.242962633,0.243716098,0.244343111,0.24482999,0.2451661,0.245344015,0.245359605,0.245212042,0.244903727,0.244440141,0.243829633,0.243083147,0.2422139,0.241237024,0.240169179,0.239028152,0.237832448,6.66E-16,0.235352259,2.22E-16,0.232876407,0.231683388,-2.22E-16,0.229463597,0.228462962,-6.66E-16,0.226732989,0.226019508,0,0.224922113,0.22454382,0.224280304,0.224130681,0.224092806,-4.44E-16,0.224338157,0.224611905,0.224978676,1.11E-15,0.225964121,0.226567822,0.227234746,-2.89E-15,0.228723673,-2.22E-16,0.230358754,0.231207513,0.232064192,0.232919029,0.233762266,0.234584235,1.55E-15,0.236126655,-2.22E-16,0.237474211,0.23805443,0.238562642,0.238992629,0.239339099,0.239597782,0.239765507,0.239840262,0.239821232,0.239708813,0.239504604,0.239211372,0.238832991,0.23837436,0.237841296,0.23724041,0.236578967,0.235864733,0.23510582,0.234310523,1.78E-15,-1.33E-15,0.231788825,0.230929341,0.230072577,0.229225041,0.228392617,-8.88E-16,0.226793295,8.88E-16,0.225308304,1.11E-15,0.2239612,0.223344318,0.222766976,4.44E-16,0.221734228,0.221279911,0.220867434,0.220497025,0.220168859,0.219883066,0.219639738,0.21943891,2.00E-15,0.219164451,0.219090316,2.22E-15,2.22E-16,0.21911258,-6.66E-16,8.88E-16,-8.88E-16,0.219657653,-2.22E-16,0.220105065,0.220359608,-2.22E-16,0.220907605,0.221191179,0.221474334,0.221751974,0.222019146,0.222271166,0.222503733,0.222713053,2.22E-16,0.223049896,0.223173219,0.223265023,0.22332529,0.223354877,8.88E-16,2.22E-15,0.223280778,0.223212699,0.22313001,0.223037701,0.222941076,6.66E-16,2.22E-16,0.222679951,0.222620168,0.222582057,0.222569667,-4.44E-16,0.222634681,0.222716318,1.33E-15,0.222981455,0,0.223375708,0.22361506,0.223877415,4.44E-16,0.22445092,0.224750384,0.225049765,0.225342323,0.225621286,2.22E-16,0.226112404,2.00E-15,0.226476269,0.226599311,0.226679459,0.226715843,0.226709343,0.226662802,0.226581225,0.226471963,0.226344874,2.22E-16,0.226089989,2.00E-15,8.88E-16,0.225977795,0.226105147,0.226361866,0.226780271,0.227395235,-6.66E-16,-1.33E-15,0.230802024,0.232595111,0.234788879,0.237427774,0.240556493,0.244219496,0.248460511,2.22E-16,2.00E-15,0.265066814,0.272023977,0.279748263,0.288267916,0.29760684,0.307784166,0.318813865,0.330704422,0.343458554,0.357073004,0.371538401,0.386839188,0.402953633,0.419853907,0.43750624,0.455871154,0.474903763,0.494554138,0.514767738,0.535485892,
0.382272558,0.365314271,0.349345135,0.334408323,0.320539511,0.307766464,0.296108703,0.285577264,0.276174541,0.267894241,0.260721429,0.254632682,1.33E-15,2.44E-15,8.88E-16,0.240369903,0.239076532,0.238569683,0.238779109,0.23963072,0.241047495,1.33E-15,2.22E-15,0.247894728,0.250777002,0.253829208,0.256977073,0.260150069,0.263282226,0.26631288,0.269187321,0.271857348,0.274281709,0.276426429,0.278265011,0.279778511,0.280955486,0.281791816,0.282290402,0.28246075,0.282318448,0.281884539,0.281184819,0.280249058,0.279110172,0.277803359,0.276365208,0.274832818,0.273242934,0.271631111,0.27003094,1.11E-15,0.266985937,0.26559253,0.264312679,0.263161388,0.262148923,0.261280739,8.88E-16,0.259975424,0.259526204,0.259197743,0.258974446,0.258837796,0.258766963,1.33E-15,0.258731766,0.258720122,0.258681094,0.25859228,0.258432908,0.258184385,0.257830778,0.257359211,0.256760178,0.256027751,0.255159696,0.254157484,0.253026201,0.251774375,0.2504137,0.248958698,0.247426302,0.245835392,0.244206289,0.242560224,0.240918792,0.239303415,0.237734826,0.236232572,-8.88E-16,0.233496745,4.44E-16,1.55E-15,6.66E-16,0.229458198,0.228790244,0.228262253,0.227870939,-2.22E-16,0.227472524,0.227446942,0.227521691,0.227683399,0.227917696,0.228209592,-1.55E-15,0.228905386,0.229279543,-2.22E-16,0.230011356,0.230344692,0.230642431,0.230896138,0.231099074,0.231246236,0.231334342,0.231361782,0.231328522,0.231235973,0.231086837,0.230884924,-2.00E-15,1.33E-15,6.66E-16,0.229653342,0.229269456,0.228867677,0.228454009,0.228034075,0.227612998,0.227195315,0.226784914,0.226384996,0.225998066,0.225625942,0,0.224930197,8.88E-16,0.224300348,8.88E-16,0.223731776,0.22346772,0.22321537,-6.66E-16,0.222740263,-1.11E-15,0.222296179,0.222083151,0.221875114,0.221671566,0.221472208,0.221276936,0.221085808,0.220899015,-2.22E-16,-2.22E-16,0.220367767,0.22020156,-2.22E-16,0.219887199,0.219739346,-4.44E-16,0.219462206,0.219332542,0.219208394,-1.78E-15,8.88E-16,0.21886483,0.218758496,0.218655665,-2.44E-15,-8.88E-16,0.218367241,0,0.218194347,0.218115831,0.218044181,0.21798092,0.217927821,0.217886874,2.22E-15,0.217850235,0.217859193,0.217889485,-2.89E-15,0.218023114,-2.00E-15,-1.78E-15,0.218435065,0.218634431,-1.33E-15,1.11E-15,0.219425872,-6.66E-16,0.22010913,-4.44E-16,0.220902614,0.22133455,0.221785868,0.22225309,2.22E-16,0.22322007,0.223711801,0.224203516,0.224691059,0.225170338,0.225637381,0.226088394,1.11E-15,0.226928353,0.227311041,0.227665263,0.227988784,0.228279779,0.228536853,1.11E-15,-4.44E-16,0.229097329,0.229213813,0.229296249,0.229346013,1.11E-15,0.229355284,0.229319759,2.22E-16,0.229183806,0.229090605,0.228985892,0.228873927,0.228759115,0.22864594,0.228538874,0.228442296,0.228360404,0.228297113,0.228255973,0.228240072,1.33E-15,1.55E-15,0.228366124,0.228470185,0.22860551,6.66E-16,0.228965227,0.229185412,4.44E-16,0.229690901,0.229968328,0.230256284,-1.33E-15,0.230844711,0.231135635,0.231418316,0.231688691,0.231943268,-8.88E-16,0.232394699,0.232588564,0.232760819,0.232912475,0.233045587,0.233163229,0.233269433,0.23336908,0.233467776,0.233571687,0.233687344,0.233821443,0.23398061,8.88E-16,-1.55E-15,0.234668968,0.234985312,0.235350899,-1.33E-15,0.236234743,0.236751751,0.237315367,-2.00E-15,0.238562562,0.239232425,0.239921681,0.240620253,0.241317114,0.242000529,0.242658317,0.243278134,0.24384776,-2.00E-15,0.244789937,0.245141258,0.245400447,0.245560029,0.245614149,0.245558715,0.245391502,0.245112202,0.244722437,0.244225724,0.24362739,0.242934452,0.24215546,0.241300301,0.240379982,-4.44E-16,0.238392049,0.237349833,0.236292731,0.235233579,0.234184813,0.233158247,6.66E-16,0.231214612,1.55E-15,1.11E-15,0.228704132,0.228001059,0.227371416,0.226816928,0.226337876,0.225933151,0.22560034,-8.88E-16,0.225134895,0.224991905,2.00E-15,0.224853315,0.224843085,0.224861884,0.224901779,0.224954922,-4.44E-16,-1.33E-15,0.225120744,2.44E-15,0.225175271,0.225172518,0.225146931,0.225098423,0.225028756,0.22494173,0.224843358,0.224742027,0.224648654,1.11E-15,2.00E-15,0.224565873,0.22466803,-2.00E-15,-8.88E-16,0.225713203,0.226409929,0.227338508,0.228537154,0.230046138,0.231907472,4.44E-16,0.23686172,0.240043869,0.243755896,-8.88E-16,0.252946159,-6.66E-16,0.264771837,0.271769952
0.245093001,0.240198368,-1.11E-15,-1.11E-15,-1.78E-15,2.22E-16,-1.78E-15,-2.22E-16,0.223376276,0.222795512,0.222507212,0.222461795,0.222612694,0.222916707,0.223334264,0.223829623,0.22437098,-1.11E-15,0.225484323,-4.44E-16,0.226498422,0.226929558,0.227296254,0.227591947,0.227812775,0.227957266,-2.22E-16,1.11E-15,0.227947345,0.227808744,0.22761155,-1.33E-15,0.227068064,0.226735983,0.226373369,0.225987429,0.225585179,0.225173355,-8.88E-16,0.224346166,0.223942388,0.223552172,0.223180245,0.222830911,0.222508063,0.222215204,-2.22E-15,0,-1.78E-15,0.221400952,0.221298042,0,0.221224427,-2.22E-15,0.221333339,-4.44E-16,0.221627985,0.221844612,0.222106638,0.222413083,0.222762669,0.223153836,0.223584755,4.44E-16,0.224557306,1.33E-15,0.225661151,0.226255551,0.22687441,-2.00E-15,0.228173472,0.228847565,0.22953395,-4.44E-16,0.230931472,0.231636643,0.232342186,0.23304523,-8.88E-16,0.234432475,0.235111038,0.235775783,0.236423832,0.237052242,0.237657991,0.238237958,0.238788915,0.239307522,0.239790333,2.22E-16,0.240634363,0.240988349,0.241292163,0.241542272,0.241735288,0.24186805,0.241937702,-4.44E-16,0.241878321,0.24174592,-1.11E-15,0.241272114,0.240931539,0.240523813,0.240051534,0.239518227,0.238928352,0.238287279,0.237601246,0.236877293,0.236123177,0.235347262,0.234558391,0.233765746,0.23297869,0.232206605,-1.55E-15,0.230743961,0.230070753,0.229446903,-2.00E-15,1.33E-15,0.227937275,0.22757181,0.227281108,0.22706703,-4.44E-16,-1.33E-15,0.226886787,0.226976409,0.227136541,2.44E-15,0.227653148,0.228000915,0.228402086,0.228851889,0.229345662,0.229878979,0.23044777,-8.88E-16,0.231677815,0.232333423,0.233013267,0.233715932,8.88E-16,0.235186539,0.235953893,0.236742682,0.237553119,0.238385379,-1.78E-15,0.240115036,0.241011333,0.241927002,0.242860019,0.243807607,0.244766181,0.245731331,0.246697826,8.88E-16,0.24861011,0.24954186,0.250447111,0.251317737,0,0.252922008,0.25363935,0.254289835,0.254866405,0.255362755,0.25577349,0.256094253,0.25632183,0.25645422,0.25649068,0.256431723,0.256279094,0.256035706,0.255705552,0.255293576,0.254805541,0.25424786,0.25362743,0.252951446,0.252227226,0.251462036,0.250662925,0.24983658,6.66E-16,4.44E-16,0.247253133,0.246373622,0.245491384,0.244609209,2.22E-16,0.242852881,0.241981177,0.241114613,0.240253379,0.239397446,0.238546698,0.237701036,0.236860495,0.236025339,0.235196142,0.234373852,0.233559838,0.232755908,0.231964314,0.231187731,8.88E-16,0.22969215,0.228980166,0.228297064,0.227646713,1.78E-15,1.11E-15,0.225929829,1.33E-15,0.225014071,1.55E-15,0.224305591,0.224032982,0.223815662,0.22365348,0.223545642,2.44E-15,0.223486677,0.223530921,0.223620339,8.88E-16,0.223920035,0.224122083,0.224352985,2.66E-15,0.224882493,0.225171498,0.225470296,0.225774226,2.22E-15,0.226379715,0.226672989,0.226954912,0.227222124,1.11E-15,-4.44E-16,0.227907593,0.228090072,0.228246939,0.228377252,2.22E-16,0.228556456,0.228605408,0.228627878,0.228624714,0.228597028,0.228546147,0.228473572,0.228380927,2.22E-15,0.228142231,0.2279996,0.227843643,0.227675892,0.227497744,0.227310444,-2.22E-16,-6.66E-16,0.226703711,0.22648916,0.226269512,0.226045338,0.225817255,-1.11E-15,2.22E-15,0.225117905,0.224883852,0.224652325,0.224425849,1.33E-15,0.224001091,0.223810922,0.223642068,1.11E-15,0.223391681,0.223323274,0.22330227,0.223336251,0.223432967,6.66E-16,0.223845413,2.22E-15,0.224598144,0.225117986,0.225740172,0.226468269,0.227304467,-4.44E-16,0.229302149,-1.33E-15,-8.88E-16,0.233070554,0.23450901,6.66E-16,0.237603254,0.239234835,0.240904399,0.242596884,0.244296462,0.245986811,0.247651386,0.249273704,0.250837621,0.252327595,0.253728935,0.255028023,0.256212504,0.257271439,0.258195432,0.258976702,0.259609126,0.260088243,0.260411218,0.260576777,0.260585124,0.260437823,0.260137681,0.259688622,0.259095558,0.258364275,8.88E-16,-2.22E-16,0.255410225,0.254198525,0.252888138,0.251489001,0.250011865,0.248468416,0.246871441,0.245235002,0.243574648,0.24190762,0.240253075,0.238632292,0.237068865,0.235588876,0,0.232996713,0.231950095,0.231118042,8.88E-16,0.230258128,-2.22E-16,0.230761335,0.231640443,0.233002751,0.234897854,2.22E-16,1.11E-15,0.244273999,0.248789411,-4.44E-16,0.260171524,0.26711617,0.274941642,
42.09890049,45,48,45.91907882,47.17074828,48.40641515,33,50.81707847,51.9856789,70,54.23337955,55.30610755,56.34056574,57.33368186,42,59.18398981,60.0354782,64,78,62.26368851,62.88978352,63.45405738,58,64.39016141,64.75906775,65.06033248,65.29311965,65.45686485,65.5512852,65.57638809,65.53247851,65.42016499,65.24036389,64.99430215,64.68351826,80,65,63.38286437,56,62.23417892,61.5844955,60.88928971,60.15241052,59.37794482,58.57019989,57.73368425,56.87308673,55.99325411,55.09916718,54.19591553,53.28867106,54,51.4831368,50.59535015,49.72451794,48.87579467,48.05424147,47.26479571,46.51224067,45.80117576,45.13598722,44.5208197,55,43.45575522,43,42.63329889,32,42.0752942,42,40,41.76673253,41.80891705,41.92406575,42.11177644,42.37119787,42.70103165,43.09953708,49,44.09343872,44.68322782,45,46.03149553,46.78207385,47.57778829,29,49.28535572,50.18693352,51.1131626,52.05841573,53.0169347,53.98286838,54.95031168,55.91334521,56.86607525,57.80267379,58.71741836,59.60473136,60.4592185,61.27570625,62.04927776,62.77530723,63.44949228,64.06788416,64.62691551,78,77,65.91840178,70,66.43642778,66.58853529,66.66872303,66.67712155,66.61435473,66.481535,66.28025494,66.01257551,65.68101079,65.28850947,64.83843327,64.33453228,63.78091757,63.18203124,65,61.8676712,61.16243569,60.43233092,59.68293142,58.9199229,58.14906152,57.37613291,56.60691112,55.84711783,55.10238216,54.37820146,53.67990313,49,52.38119581,51.79027157,51.24413573,50.74675561,50.30174,49.91231648,53,49.31113516,49.10376524,41,47,48.87163356,48,48,49.23319665,49.48343632,49.79630806,50.169864,50.60177365,51.08934534,51.62955011,52.21904786,52.8542155,53.53117686,54.24583414,54.99390055,55.77093396,56.57237131,57.39356333,58.2298095,59.0763928,59.92861416,60.78182611,61.63146557,62.47308548,63.30238495,64.11523782,64.90771935,65.67613091,66.41702246,72,67.80380647,75,69.04614482,69.60765353,67,70.60322621,71.03504445,83,71.76364097,72.06016545,71,72.51940854,72.68372673,72.80604407,72.88783743,72.93082163,84,72.90828538,72.84719085,72.75609176,62,72.49425763,72.32893135,72.14436747,69,71.72876824,74,71.26978069,71.03079956,70.78895368,70.54670477,70.30638627,70.07018731,65,69.61809926,70,69.20457275,69.0158657,68.84071807,68.68001806,68.53445045,68.40449821,68.29044595,68.1923853,68.1102219,68.04368405,67.99233289,67.95557382,67.93266924,67.92275222,67.92484118,67.93785515,67.96062965,67.9919329,68.03048223,68.0749605,73,68,68.23061897,68.28551257,68.33978607,68.39223974,68.44174096,69,68.52775516,70,68.59049267,68,68.62425522,68.62897808,68.62513744,70,68.59108925,68.56082754,68.52188674,68.47450525,68.41901684,68.35584304,68.28548451,68.20851166,88,68.03729265,67.94444303,74,73,67.6458756,54,59,62,67.22907579,65,67.02507625,66.92619256,64,66.73680156,66.64691784,66.56051732,66.47769679,66.3984634,66.32273439,66.25033795,66.18101531,62,66.05014093,65.98766967,65.92644432,65.86583736,65.80516707,80,79,65.61532042,65.54679091,65.47427775,65.39695963,65.3140251,52,52,65.02375041,64.91075298,64.78854427,64.65655416,73,64.36128158,64.19720586,56,63.83477316,68,63.42570606,63.20364462,62.97003801,89,62.46907115,62.20233097,61.92527588,61.63837145,61.34213395,56,60.7239334,57,60.07552591,59.74159914,59.40205858,59.05754771,58.70869338,58.35609731,58.00032795,57.64191278,57.28133106,55,56.5553052,51,59,55.45855331,55.09159767,54.7240199,54.35574042,53.98660093,58,34,52.87128755,52.49560741,52.11716426,51.73538123,51.34962832,50.95922905,50.5634676,54,67,49.33642544,48.9115457,48.47741386,48.03324888,47.5782887,47.11179875,46.63308005,46.14147712,45.63638541,45.11725831,44.58361355,44.03503911,43.47119841,42.89183483,42.29677553,41.68593449,41.05931481,40.41701021,39.75920577,39.08617789,
62.92569987,63.02698969,63.06404376,63.03754475,62.94844883,62.79798231,62.58763642,62.31916032,61.99455226,61.6160491,61.18611409,60.70742306,89,62,59,58.36516015,57.68912005,56.98389453,56.25314915,55.50060776,54.73002983,33,54,52.3477293,51.54251883,50.73781248,49.93711305,49.14380659,48.3611436,47.59222143,46.83996815,46.10712785,45.39624765,44.70966641,44.04950524,43.41765993,42.81579536,42.24534175,41.70749306,41.20320724,40.7332085,40.29799144,39.89782708,39.53277061,39.20267081,38.90718105,38.64577168,38.41774373,38.22224372,38.05827942,37.92473647,29,37.74394994,37.6940235,37.6691885,37.66798344,37.68893055,37.73055275,35,37.870015,37.96504735,38.07516742,38.19912834,38.33576699,38.48401341,62,38.81156178,38.98925347,39.17534033,39.3693059,39.57075063,39.77939031,39.99505282,40.21767356,40.44728941,40.68403149,40.92811668,41.17983823,41.43955533,41.70768201,41.98467548,42.27102389,42.56723396,42.87381836,43.19128326,43.52011591,43.86077278,44.21366801,44.57916265,44.95755457,45,45.75385209,30,46,51,47.50538918,47.97544815,48.45764811,48.95144375,46,49.97113832,50.49545535,51.02821461,51.56841035,52.11496411,52.66673343,62,53.78108731,54.34115671,58,55.46061046,56.01738217,56.57045542,57.1185613,57.66046622,58.1949827,58.72097957,59.23739149,59.74322771,60.23757994,60.71962921,61.18865177,70,65,55,62.92356353,63.3201932,63.70163491,64.06789722,64.41908841,64.75541178,65.07716,65.38470846,65.67850781,65.95907573,66.22698808,55,66.72738367,77,67.1850995,88,67.60584068,67.80413104,67.99528977,63,68.35879953,66,68.70111641,68.86558679,69.02614849,69.18313003,69.33678895,69.48730981,69.63480343,69.77930714,51,65,70.19418625,70.32570436,68,70.57693958,70.69593594,87,70.91860683,71.02137288,71.11779799,75,68,71.36433761,71.43078766,71.48870115,66,75,71.60805745,81,71.64015677,71.64167391,71.63354827,71.61591412,71.58898778,71.55306785,78,71.45584716,71.39554205,71.3282274,70,71.17533123,74,84,70.91211349,70.81877828,60,65,70.53473477,69,70.35111506,71,70.18014193,70.10133693,70.02789583,69.96040601,68,69.84519039,69.79817767,69.75852973,69.72633456,69.7015653,69.68407801,69.67361079,73,69.67210292,69.67995918,69.69263695,69.70931788,69.72908836,69.75094781,66,66,69.81795528,69.83677758,69.85174702,69.86157306,69,69.86063559,69.84733731,83,69.78903319,69.74178417,69.68110574,69.60609241,69.51594822,69.4099982,69.28769893,69.14864779,68.99259106,68.81943052,68.62922864,68.4222122,69,71,67.70503781,67.43635112,67.15445869,74,66.55597903,66.24219956,37,65.59350684,65.26208867,64.92842815,84,64.26217211,63.93356785,63.6106668,63.29547584,62.98997161,82,62.41566171,62.1504833,61.90220853,61.67237554,61.46238095,61.27346394,61.10669164,60.96294589,60.8429116,60.74706672,60.67567411,60.62877523,60.6061859,41,43,60.67901711,60.74727824,60.83553998,77,61.06582693,61.20425329,61.35550901,61,61.68750547,61.86342089,62.04255397,62.22225787,62.39983085,62.57253894,62.73763909,62.89240253,63.03413818,66,63.26808846,63.35531517,63.41958146,63.45871974,63.47072812,63.45378771,63.4062784,63.32679279,63.21414822,63.0673968,62.8858333,62.66900084,62.41669431,62.12896157,61.80610228,87,61.05743937,60.63345267,60.17795563,59.69241272,59.17848805,58.63802993,56,57.48572429,60,52,55.61307267,54.96024467,54.29740157,53.62716168,52.95214122,52.27493211,51.5980802,43,50.25527545,49.5939987,44,48.30248097,47.67612189,47.06500999,46.47065683,45.89438249,38,43,44.2842053,53,43.31613872,42.86456354,42.43451241,42.02564531,41.63742707,41.2691359,40.91987347,40.58857638,40.27402878,39,29,39.41673405,39.15447847,48,44,38.41378902,38.17608324,37.93983473,37.70316336,37.4642134,37.22116895,51,36.71581933,36.4502093,36.17391984,26,35.5837571,37,34.93542412,34.58690448
35.95671825,36.50772483,41,41,49,30,35,39,40.24351548,40.76359571,41.28133114,41.79708988,42.31123502,42.82411913,43.33607877,43.84742892,44.35845744,43,45.38053303,47,46.4038635,46.91628152,47.42924369,47.94270696,48.45656431,48.97064169,41,54,50.51140108,51.02320418,51.5332862,69,52.54578651,53.04677752,53.54319749,54.03416727,54.51874806,54.99594602,42,55.92397553,56.37259518,56.80942173,57.23327766,57.64297075,58.03730249,58.41507674,65,59,67,59.73726931,60.01503708,42,60.50014022,58,60.88557763,67,61.1656429,61.26480767,61.33622445,61.37966367,61.39501993,61.38231617,61.34170702,73,61.17806348,78,60.90803083,60.73494409,60.53771784,41,60.07534204,59.81274678,59.53110929,64,58.91703377,58.58799702,58.24670278,57.8950486,61,57.16854214,56.79774307,56.42466739,56.05140161,55.68003456,55.31264524,54.95129072,54.59799412,54.25473285,53.92342717,50,53.30401198,53.01936024,52.75356027,52.50809165,52.28431934,52.08348661,51.90670892,43,51.62911097,51.52984032,62,51.4131628,51.39644675,51.40769996,51.44691035,51.51392678,51.60846278,51.73010105,51.87829895,52.05239468,52.25161424,52.47507905,52.72181421,52.99075718,53.280767,53.59063385,65,54.26481409,54.62645272,55.00261914,45,41,56.20420755,56.62440205,57.05211005,57.48597671,77,53,58.8115619,59.25733965,59.70317896,58,60.59094822,61.03101025,61.4674035,61.89938414,62.32628657,62.74752347,63.16258503,87,63.9725211,64.36674704,64.7534943,65.13260559,60,65.86758263,66.22341025,66.5715148,66.911983,67.2449333,55,67.88887573,68.20020812,68.50469095,68.80250971,69.09384566,69.37887042,69.65774096,69.93059491,67,70.45868195,70.71405779,70.96369651,71.20758517,83,71.67787308,71.90405644,72.12405753,72.33767218,72.54465933,72.74474284,72.93761366,73.12293264,73.30033367,73.46942732,73.62980474,73.781042,73.92270463,74.05435237,74.17554414,74.28584312,74.38482182,74.47206724,74.54718598,74.60980913,74.65959718,74.6962446,74.71948419,75,78,74.70674233,74.67458062,74.62838002,74.56817569,75,74.40618983,74.3047746,74.19008871,74.06246478,73.92229383,73.77002373,73.60615708,73.43124872,73.24590269,73.05076879,72.84653875,72.63394205,72.41374138,72.18672786,71.95371598,82,71.47304051,71.22707508,70.97849664,70.72815602,68,68,69.97490054,63,69.47886564,77,68.99467466,68.75869759,68.52760782,68.30195235,68.08222768,65,67.66229241,67.46280636,67.27069853,71,66.90945448,66.74059897,66.57968529,68,66.28166722,66.14443393,66.01489015,65.89286346,62,65.67048968,65.56962704,65.47525841,65.38706451,61,62,65.15610822,65.0891429,65.02658417,64.96807264,79,64.86179194,64.81335218,64.76762444,64.72431532,64.68315247,64.64388633,64.60629158,64.57016824,67,64.50166618,64.4690184,64.43730345,64.40645089,64.37641431,64.34716996,65,59,64.26425604,64.23833324,64.21335783,64.18939973,64.16653584,72,64,64.10532677,64.08765421,64.07147097,64.05683977,66,64.03242623,64.0227048,64.01465335,59,64.00348651,64.00028211,63.9985674,63.99824111,63.99917793,59,64.00421762,62,64.01219366,64.01670921,64.02122246,64.02543874,64.02904077,79,64.03302435,41,73,64.02524641,64.01733259,79,63.99083393,63.97129736,63.94691075,63.91716341,63.88153217,63.83948214,63.79046752,63.73393227,63.66931095,63.59602944,63.51350572,63.42115075,63.3183693,63.20456096,63.07912112,62.94144217,62.79091469,62.62692885,62.44887594,62.25614999,62.0481496,61.82427992,61.58395479,61.32659899,61.05165076,60.75856438,58,55,59.76531852,59.39464229,59.0034407,58.59132619,58.15794871,57.70299895,57.22621157,56.72736842,56.20630154,55.66289621,55.09709367,54.50889373,53.8983572,53.26560795,72,51.93429285,51.23630507,50.51726271,49,49.0179239,47,47.4407825,46.62474073,45.79142601,44.94169837,41,36,42.30352786,41.39791343,46,39.55405303,38.61819083,37.67468842,
